season_year,team_name_home,total_points,assists,rebounds,steals,blocks,games_played,wins,total_points_against,points_per_game,assists_per_game,rebounds_per_game,win_loss_ratio,point_differential,championship_winner
2014,Atlanta Hawks,5314.0,1371.0,2161.0,469.0,233.0,52,42,4946.0,102.1923076923077,26.365384615384617,41.55769230769231,0.8076923076923077,368.0,0
2014,Boston Celtics,4819.0,1156.0,2119.0,382.0,178.0,48,24,4736.0,100.39583333333333,24.083333333333332,44.145833333333336,0.5,83.0,0
2014,Brooklyn Nets,4787.0,1035.0,2080.0,347.0,173.0,48,24,4858.0,99.72916666666667,21.5625,43.333333333333336,0.5,-71.0,0
2014,Charlotte Hornets,4257.0,943.0,1990.0,244.0,295.0,45,21,4337.0,94.6,20.955555555555556,44.22222222222222,0.4666666666666667,-80.0,0
2014,Chicago Bulls,5205.0,1151.0,2418.0,330.0,358.0,52,33,5012.0,100.09615384615384,22.134615384615383,46.5,0.6346153846153846,193.0,0
2014,Cleveland Cavaliers,5784.0,1297.0,2500.0,372.0,275.0,56,42,5395.0,103.28571428571429,23.160714285714285,44.642857142857146,0.75,389.0,0
2014,Dallas Mavericks,5050.0,1039.0,2009.0,381.0,226.0,47,30,4867.0,107.44680851063829,22.106382978723403,42.744680851063826,0.6382978723404256,183.0,0
2014,Denver Nuggets,4460.0,958.0,1964.0,323.0,186.0,43,20,4452.0,103.72093023255815,22.27906976744186,45.674418604651166,0.46511627906976744,8.0,0
2014,Detroit Pistons,4464.0,1026.0,1933.0,327.0,188.0,44,21,4428.0,101.45454545454545,23.318181818181817,43.93181818181818,0.4772727272727273,36.0,0
2014,Golden State Warriors,6104.0,1562.0,2437.0,524.0,312.0,55,51,5395.0,110.98181818181818,28.4,44.30909090909091,0.9272727272727272,709.0,1
2014,Houston Rockets,5633.0,1194.0,2404.0,539.0,302.0,54,41,5333.0,104.31481481481481,22.11111111111111,44.51851851851852,0.7592592592592593,300.0,0
2014,Indiana Pacers,4330.0,937.0,2008.0,271.0,233.0,44,25,4204.0,98.4090909090909,21.295454545454547,45.63636363636363,0.5681818181818182,126.0,0
2014,Los Angeles Clippers,5622.0,1343.0,2310.0,421.0,296.0,53,36,5271.0,106.0754716981132,25.339622641509433,43.58490566037736,0.6792452830188679,351.0,0
2014,Los Angeles Lakers,4797.0,1060.0,2140.0,339.0,232.0,49,15,5089.0,97.89795918367346,21.632653061224488,43.673469387755105,0.30612244897959184,-292.0,0
2014,Memphis Grizzlies,5051.0,1065.0,2260.0,418.0,244.0,51,38,4735.0,99.03921568627452,20.88235294117647,44.31372549019608,0.7450980392156863,316.0,0
2014,Miami Heat,4584.0,899.0,1862.0,388.0,204.0,47,22,4642.0,97.53191489361703,19.127659574468087,39.61702127659574,0.46808510638297873,-58.0,0
2014,Milwaukee Bucks,4537.0,1130.0,2025.0,438.0,246.0,47,25,4551.0,96.53191489361703,24.04255319148936,43.08510638297872,0.5319148936170213,-14.0,0
2014,Minnesota Timberwolves,4300.0,949.0,1821.0,371.0,182.0,44,11,4575.0,97.72727272727273,21.568181818181817,41.38636363636363,0.25,-275.0,0
2014,New Orleans Pelicans,4799.0,1091.0,2096.0,329.0,361.0,47,31,4596.0,102.1063829787234,23.21276595744681,44.59574468085106,0.6595744680851063,203.0,0
2014,New York Knicks,4036.0,884.0,1779.0,336.0,178.0,44,11,4383.0,91.72727272727273,20.09090909090909,40.43181818181818,0.25,-347.0,0
2014,Oklahoma City Thunder,4774.0,952.0,2162.0,344.0,259.0,45,30,4528.0,106.08888888888889,21.155555555555555,48.044444444444444,0.6666666666666666,246.0,0
2014,Orlando Magic,4366.0,955.0,1930.0,353.0,175.0,45,15,4576.0,97.02222222222223,21.22222222222222,42.888888888888886,0.3333333333333333,-210.0,0
2014,Philadelphia 76ers,4274.0,1023.0,1960.0,443.0,270.0,45,14,4483.0,94.97777777777777,22.733333333333334,43.55555555555556,0.3111111111111111,-209.0,0
2014,Phoenix Suns,4527.0,876.0,1882.0,391.0,206.0,44,25,4433.0,102.88636363636364,19.90909090909091,42.77272727272727,0.5681818181818182,94.0,0
2014,Portland Trail Blazers,4821.0,1063.0,2162.0,309.0,214.0,46,35,4430.0,104.80434782608695,23.108695652173914,47.0,0.7608695652173914,391.0,0
2014,Sacramento Kings,4455.0,886.0,1960.0,291.0,174.0,44,20,4457.0,101.25,20.136363636363637,44.54545454545455,0.45454545454545453,-2.0,0
2014,San Antonio Spurs,5026.0,1209.0,2072.0,380.0,266.0,47,35,4627.0,106.93617021276596,25.72340425531915,44.08510638297872,0.7446808510638298,399.0,0
2014,Toronto Raptors,4793.0,1004.0,1957.0,338.0,204.0,47,31,4611.0,101.97872340425532,21.361702127659573,41.638297872340424,0.6595744680851063,182.0,0
2014,Utah Jazz,4242.0,829.0,1985.0,319.0,268.0,44,23,4095.0,96.4090909090909,18.84090909090909,45.11363636363637,0.5227272727272727,147.0,0
2014,Washington Wizards,5083.0,1239.0,2268.0,413.0,269.0,50,34,4810.0,101.66,24.78,45.36,0.68,273.0,0
2015,Atlanta Hawks,5028.0,1305.0,2076.0,448.0,322.0,49,31,4751.0,102.61224489795919,26.632653061224488,42.36734693877551,0.6326530612244898,277.0,0
2015,Boston Celtics,4946.0,1151.0,2184.0,411.0,245.0,47,33,4677.0,105.23404255319149,24.48936170212766,46.46808510638298,0.7021276595744681,269.0,0
2015,Brooklyn Nets,4349.0,988.0,1847.0,325.0,185.0,44,15,4565.0,98.8409090909091,22.454545454545453,41.97727272727273,0.3409090909090909,-216.0,0
2015,Charlotte Hornets,4896.0,1035.0,2112.0,323.0,302.0,47,35,4598.0,104.17021276595744,22.02127659574468,44.93617021276596,0.7446808510638298,298.0,0
2015,Chicago Bulls,4692.0,1081.0,2253.0,276.0,301.0,46,29,4636.0,102.0,23.5,48.97826086956522,0.6304347826086957,56.0,0
2015,Cleveland Cavaliers,5949.0,1359.0,2469.0,406.0,227.0,56,43,5469.0,106.23214285714286,24.267857142857142,44.089285714285715,0.7678571428571429,480.0,0
2015,Dallas Mavericks,4744.0,1013.0,1980.0,348.0,158.0,46,23,4716.0,103.1304347826087,22.02173913043478,43.04347826086956,0.5,28.0,0
2015,Denver Nuggets,4468.0,971.0,1924.0,320.0,216.0,43,20,4521.0,103.90697674418605,22.58139534883721,44.74418604651163,0.46511627906976744,-53.0,0
2015,Detroit Pistons,4900.0,993.0,2194.0,328.0,178.0,47,27,4697.0,104.25531914893617,21.127659574468087,46.680851063829785,0.574468085106383,203.0,0
2015,Golden State Warriors,6610.0,1652.0,2681.0,488.0,359.0,58,52,5839.0,113.96551724137932,28.482758620689655,46.224137931034484,0.896551724137931,771.0,1
2015,Houston Rockets,4996.0,1063.0,2082.0,450.0,278.0,47,26,4915.0,106.29787234042553,22.617021276595743,44.297872340425535,0.5531914893617021,81.0,0
2015,Indiana Pacers,4906.0,1002.0,2150.0,426.0,252.0,48,31,4705.0,102.20833333333333,20.875,44.791666666666664,0.6458333333333334,201.0,0
2015,Los Angeles Clippers,5031.0,1131.0,2106.0,408.0,280.0,48,34,4712.0,104.8125,23.5625,43.875,0.7083333333333334,319.0,0
2015,Los Angeles Lakers,4763.0,930.0,2150.0,348.0,213.0,49,15,5033.0,97.20408163265306,18.979591836734695,43.87755102040816,0.30612244897959184,-270.0,0
2015,Memphis Grizzlies,4731.0,966.0,1997.0,407.0,216.0,47,30,4692.0,100.65957446808511,20.5531914893617,42.48936170212766,0.6382978723404256,39.0,0
2015,Miami Heat,5333.0,1051.0,2289.0,365.0,315.0,52,35,5031.0,102.5576923076923,20.21153846153846,44.01923076923077,0.6730769230769231,302.0,0
2015,Milwaukee Bucks,4430.0,1051.0,1837.0,378.0,259.0,44,24,4487.0,100.68181818181819,23.886363636363637,41.75,0.5454545454545454,-57.0,0
2015,Minnesota Timberwolves,4567.0,1032.0,1836.0,336.0,199.0,45,16,4749.0,101.4888888888889,22.933333333333334,40.8,0.35555555555555557,-182.0,0
2015,New Orleans Pelicans,4627.0,1020.0,1875.0,353.0,206.0,44,22,4670.0,105.1590909090909,23.181818181818183,42.61363636363637,0.5,-43.0,0
2015,New York Knicks,4347.0,902.0,1984.0,250.0,246.0,44,21,4377.0,98.79545454545455,20.5,45.09090909090909,0.4772727272727273,-30.0,0
2015,Oklahoma City Thunder,5795.0,1201.0,2568.0,428.0,325.0,53,41,5216.0,109.33962264150944,22.660377358490567,48.45283018867924,0.7735849056603774,579.0,0
2015,Orlando Magic,4676.0,1109.0,2019.0,385.0,240.0,45,26,4570.0,103.91111111111111,24.644444444444446,44.86666666666667,0.5777777777777777,106.0,0
2015,Philadelphia 76ers,4351.0,988.0,1833.0,382.0,252.0,44,9,4752.0,98.88636363636364,22.454545454545453,41.65909090909091,0.20454545454545456,-401.0,0
2015,Phoenix Suns,4559.0,915.0,2034.0,370.0,173.0,44,16,4656.0,103.61363636363636,20.795454545454547,46.22727272727273,0.36363636363636365,-97.0,0
2015,Portland Trail Blazers,5314.0,1124.0,2316.0,350.0,227.0,49,34,5032.0,108.44897959183673,22.93877551020408,47.265306122448976,0.6938775510204082,282.0,0
2015,Sacramento Kings,4599.0,1025.0,1895.0,368.0,172.0,43,20,4638.0,106.95348837209302,23.837209302325583,44.06976744186046,0.46511627906976744,-39.0,0
2015,San Antonio Spurs,5114.0,1232.0,2172.0,416.0,302.0,49,45,4447.0,104.36734693877551,25.142857142857142,44.326530612244895,0.9183673469387755,667.0,0
2015,Toronto Raptors,5764.0,1017.0,2440.0,430.0,280.0,56,44,5415.0,102.92857142857143,18.160714285714285,43.57142857142857,0.7857142857142857,349.0,0
2015,Utah Jazz,4322.0,752.0,1927.0,359.0,233.0,44,25,4094.0,98.22727272727273,17.09090909090909,43.79545454545455,0.5681818181818182,228.0,0
2015,Washington Wizards,4714.0,1118.0,1856.0,397.0,169.0,44,24,4553.0,107.13636363636364,25.40909090909091,42.18181818181818,0.5454545454545454,161.0,0
2016,Atlanta Hawks,4958.0,1161.0,2086.0,396.0,222.0,47,27,4934.0,105.48936170212765,24.70212765957447,44.38297872340426,0.574468085106383,24.0,0
2016,Boston Celtics,5899.0,1441.0,2291.0,412.0,249.0,54,37,5761.0,109.24074074074075,26.685185185185187,42.425925925925924,0.6851851851851852,138.0,0
2016,Brooklyn Nets,4589.0,936.0,1969.0,319.0,204.0,44,14,4817.0,104.29545454545455,21.272727272727273,44.75,0.3181818181818182,-228.0,0
2016,Charlotte Hornets,4656.0,1058.0,1941.0,299.0,234.0,44,24,4519.0,105.81818181818181,24.045454545454547,44.11363636363637,0.5454545454545454,137.0,0
2016,Chicago Bulls,5033.0,1144.0,2324.0,392.0,255.0,49,27,4952.0,102.71428571428571,23.346938775510203,47.42857142857143,0.5510204081632653,81.0,0
2016,Cleveland Cavaliers,5969.0,1301.0,2327.0,372.0,233.0,53,39,5580.0,112.62264150943396,24.547169811320753,43.905660377358494,0.7358490566037735,389.0,1
2016,Dallas Mavericks,4374.0,920.0,1805.0,332.0,166.0,44,23,4316.0,99.4090909090909,20.90909090909091,41.02272727272727,0.5227272727272727,58.0,0
2016,Denver Nuggets,4898.0,1197.0,1992.0,300.0,164.0,43,23,4743.0,113.90697674418605,27.837209302325583,46.325581395348834,0.5348837209302325,155.0,0
2016,Detroit Pistons,4497.0,1001.0,2060.0,321.0,164.0,44,25,4323.0,102.20454545454545,22.75,46.81818181818182,0.5681818181818182,174.0,0
2016,Golden State Warriors,6279.0,1667.0,2435.0,488.0,395.0,53,48,5408.0,118.47169811320755,31.452830188679247,45.943396226415096,0.9056603773584906,871.0,0
2016,Houston Rockets,5944.0,1303.0,2319.0,420.0,236.0,51,37,5508.0,116.54901960784314,25.54901960784314,45.470588235294116,0.7254901960784313,436.0,0
2016,Indiana Pacers,4815.0,982.0,1940.0,356.0,260.0,45,31,4585.0,107.0,21.822222222222223,43.111111111111114,0.6888888888888889,230.0,0
2016,Los Angeles Clippers,5179.0,1110.0,2047.0,385.0,209.0,48,32,4821.0,107.89583333333333,23.125,42.645833333333336,0.6666666666666666,358.0,0
2016,Los Angeles Lakers,5257.0,1080.0,2139.0,417.0,181.0,49,19,5332.0,107.28571428571429,22.040816326530614,43.6530612244898,0.3877551020408163,-75.0,0
2016,Memphis Grizzlies,4686.0,983.0,2046.0,363.0,229.0,47,28,4579.0,99.70212765957447,20.914893617021278,43.53191489361702,0.5957446808510638,107.0,0
2016,Miami Heat,4899.0,967.0,2013.0,328.0,268.0,46,25,4703.0,106.5,21.02173913043478,43.76086956521739,0.5434782608695652,196.0,0
2016,Milwaukee Bucks,4902.0,1134.0,1883.0,407.0,240.0,47,26,4785.0,104.29787234042553,24.127659574468087,40.06382978723404,0.5531914893617021,117.0,0
2016,Minnesota Timberwolves,4685.0,1065.0,1897.0,370.0,202.0,44,23,4507.0,106.47727272727273,24.204545454545453,43.11363636363637,0.5227272727272727,178.0,0
2016,New Orleans Pelicans,4729.0,1051.0,1985.0,342.0,262.0,44,22,4721.0,107.47727272727273,23.886363636363637,45.11363636363637,0.5,8.0,0
2016,New York Knicks,4613.0,956.0,1965.0,328.0,234.0,44,21,4670.0,104.8409090909091,21.727272727272727,44.65909090909091,0.4772727272727273,-57.0,0
2016,Oklahoma City Thunder,5018.0,997.0,2140.0,366.0,234.0,46,31,4764.0,109.08695652173913,21.67391304347826,46.52173913043478,0.6739130434782609,254.0,0
2016,Orlando Magic,4524.0,971.0,2009.0,319.0,240.0,45,18,4673.0,100.53333333333333,21.57777777777778,44.644444444444446,0.4,-149.0,0
2016,Philadelphia 76ers,4485.0,1081.0,1906.0,349.0,239.0,44,18,4655.0,101.93181818181819,24.568181818181817,43.31818181818182,0.4090909090909091,-170.0,0
2016,Phoenix Suns,4799.0,874.0,2055.0,353.0,250.0,44,17,4886.0,109.06818181818181,19.863636363636363,46.70454545454545,0.38636363636363635,-87.0,0
2016,Portland Trail Blazers,4935.0,971.0,1998.0,312.0,213.0,45,26,4845.0,109.66666666666667,21.57777777777778,44.4,0.5777777777777777,90.0,0
2016,Sacramento Kings,4655.0,1005.0,1788.0,358.0,165.0,44,19,4690.0,105.79545454545455,22.84090909090909,40.63636363636363,0.4318181818181818,-35.0,0
2016,San Antonio Spurs,5523.0,1297.0,2272.0,420.0,303.0,52,38,5139.0,106.21153846153847,24.942307692307693,43.69230769230769,0.7307692307692307,384.0,0
2016,Toronto Raptors,5375.0,952.0,2141.0,393.0,263.0,49,32,5051.0,109.6938775510204,19.428571428571427,43.69387755102041,0.6530612244897959,324.0,0
2016,Utah Jazz,4934.0,962.0,2085.0,339.0,226.0,49,31,4694.0,100.6938775510204,19.632653061224488,42.55102040816327,0.6326530612244898,240.0,0
2016,Washington Wizards,5496.0,1239.0,2157.0,427.0,233.0,50,38,5181.0,109.92,24.78,43.14,0.76,315.0,0
2017,Atlanta Hawks,4489.0,1089.0,1791.0,322.0,184.0,43,17,4657.0,104.3953488372093,25.325581395348838,41.651162790697676,0.3953488372093023,-168.0,0
2017,Boston Celtics,5691.0,1282.0,2427.0,401.0,270.0,54,39,5364.0,105.38888888888889,23.74074074074074,44.94444444444444,0.7222222222222222,327.0,0
2017,Brooklyn Nets,4678.0,1006.0,1957.0,283.0,228.0,44,17,4771.0,106.31818181818181,22.863636363636363,44.47727272727273,0.38636363636363635,-93.0,0
2017,Charlotte Hornets,4718.0,936.0,1962.0,289.0,219.0,43,22,4632.0,109.72093023255815,21.767441860465116,45.627906976744185,0.5116279069767442,86.0,0
2017,Chicago Bulls,4549.0,1084.0,1946.0,340.0,165.0,44,18,4758.0,103.38636363636364,24.636363636363637,44.22727272727273,0.4090909090909091,-209.0,0
2017,Cleveland Cavaliers,5998.0,1278.0,2331.0,389.0,211.0,55,37,5940.0,109.05454545454545,23.236363636363638,42.38181818181818,0.6727272727272727,58.0,0
2017,Dallas Mavericks,4580.0,1018.0,1898.0,317.0,168.0,44,18,4531.0,104.0909090909091,23.136363636363637,43.13636363636363,0.4090909090909091,49.0,0
2017,Denver Nuggets,4662.0,1128.0,1918.0,322.0,213.0,42,31,4427.0,111.0,26.857142857142858,45.666666666666664,0.7380952380952381,235.0,0
2017,Detroit Pistons,4655.0,1048.0,1987.0,312.0,169.0,44,27,4500.0,105.79545454545455,23.818181818181817,45.15909090909091,0.6136363636363636,155.0,0
2017,Golden State Warriors,6216.0,1632.0,2446.0,428.0,404.0,55,40,5741.0,113.01818181818182,29.672727272727272,44.472727272727276,0.7272727272727273,475.0,1
2017,Houston Rockets,6012.0,1182.0,2348.0,479.0,252.0,53,42,5512.0,113.43396226415095,22.30188679245283,44.301886792452834,0.7924528301886793,500.0,0
2017,Indiana Pacers,4805.0,1016.0,1948.0,387.0,192.0,45,30,4631.0,106.77777777777777,22.57777777777778,43.28888888888889,0.6666666666666666,174.0,0
2017,Los Angeles Clippers,4910.0,1043.0,1984.0,347.0,194.0,45,24,4872.0,109.11111111111111,23.177777777777777,44.08888888888889,0.5333333333333333,38.0,0
2017,Los Angeles Lakers,4864.0,1124.0,2195.0,378.0,218.0,46,21,4861.0,105.73913043478261,24.434782608695652,47.71739130434783,0.45652173913043476,3.0,0
2017,Memphis Grizzlies,4432.0,981.0,1855.0,344.0,242.0,44,18,4507.0,100.72727272727273,22.295454545454547,42.15909090909091,0.4090909090909091,-75.0,0
2017,Miami Heat,4822.0,1031.0,1994.0,355.0,250.0,46,29,4751.0,104.82608695652173,22.41304347826087,43.34782608695652,0.6304347826086957,71.0,0
2017,Milwaukee Bucks,4888.0,1087.0,1815.0,389.0,278.0,46,29,4825.0,106.26086956521739,23.630434782608695,39.45652173913044,0.6304347826086957,63.0,0
2017,Minnesota Timberwolves,4900.0,1062.0,1882.0,364.0,184.0,44,31,4702.0,111.36363636363636,24.136363636363637,42.77272727272727,0.7045454545454546,198.0,0
2017,New Orleans Pelicans,5217.0,1293.0,2008.0,388.0,270.0,46,27,5143.0,113.41304347826087,28.108695652173914,43.65217391304348,0.5869565217391305,74.0,0
2017,New York Knicks,4684.0,995.0,1984.0,323.0,212.0,44,19,4677.0,106.45454545454545,22.613636363636363,45.09090909090909,0.4318181818181818,7.0,0
2017,Oklahoma City Thunder,5071.0,959.0,2127.0,412.0,241.0,47,31,4835.0,107.8936170212766,20.404255319148938,45.255319148936174,0.6595744680851063,236.0,0
2017,Orlando Magic,4564.0,1006.0,1917.0,346.0,237.0,44,19,4692.0,103.72727272727273,22.863636363636363,43.56818181818182,0.4318181818181818,-128.0,0
2017,Philadelphia 76ers,5424.0,1357.0,2398.0,419.0,274.0,49,34,5055.0,110.6938775510204,27.693877551020407,48.93877551020408,0.6938775510204082,369.0,0
2017,Phoenix Suns,4550.0,876.0,1950.0,293.0,229.0,44,11,4978.0,103.4090909090909,19.90909090909091,44.31818181818182,0.25,-428.0,0
2017,Portland Trail Blazers,4923.0,930.0,2086.0,310.0,224.0,46,30,4694.0,107.02173913043478,20.217391304347824,45.34782608695652,0.6521739130434783,229.0,0
2017,Sacramento Kings,4317.0,930.0,1787.0,305.0,178.0,43,15,4537.0,100.3953488372093,21.627906976744185,41.55813953488372,0.3488372093023256,-220.0,0
2017,San Antonio Spurs,4858.0,1088.0,2032.0,356.0,280.0,46,36,4519.0,105.6086956521739,23.652173913043477,44.17391304347826,0.782608695652174,339.0,0
2017,Toronto Raptors,5410.0,1187.0,2133.0,347.0,304.0,48,39,4942.0,112.70833333333333,24.729166666666668,44.4375,0.8125,468.0,0
2017,Utah Jazz,5123.0,1070.0,2168.0,429.0,252.0,49,34,4730.0,104.55102040816327,21.836734693877553,44.244897959183675,0.6938775510204082,393.0,0
2017,Washington Wizards,5100.0,1171.0,2064.0,372.0,228.0,47,28,4910.0,108.51063829787235,24.914893617021278,43.91489361702128,0.5957446808510638,190.0,0
2018,Atlanta Hawks,4747.0,1097.0,1940.0,294.0,232.0,41,17,4912.0,115.78048780487805,26.75609756097561,47.31707317073171,0.4146341463414634,-165.0,0
2018,Boston Celtics,5078.0,1214.0,2087.0,388.0,235.0,45,30,4801.0,112.84444444444445,26.977777777777778,46.37777777777778,0.6666666666666666,277.0,0
2018,Brooklyn Nets,4890.0,1024.0,2044.0,283.0,166.0,43,23,4806.0,113.72093023255815,23.813953488372093,47.53488372093023,0.5348837209302325,84.0,0
2018,Charlotte Hornets,4639.0,974.0,1833.0,286.0,216.0,41,25,4488.0,113.14634146341463,23.75609756097561,44.707317073170735,0.6097560975609756,151.0,0
2018,Chicago Bulls,4247.0,927.0,1753.0,289.0,156.0,41,9,4649.0,103.58536585365853,22.609756097560975,42.75609756097561,0.21951219512195122,-402.0,0
2018,Cleveland Cavaliers,4312.0,868.0,1780.0,274.0,93.0,41,13,4613.0,105.17073170731707,21.170731707317074,43.41463414634146,0.3170731707317073,-301.0,0
2018,Dallas Mavericks,4523.0,972.0,1878.0,284.0,184.0,41,24,4427.0,110.3170731707317,23.70731707317073,45.80487804878049,0.5853658536585366,96.0,0
2018,Denver Nuggets,5518.0,1340.0,2328.0,361.0,217.0,49,39,5038.0,112.61224489795919,27.346938775510203,47.51020408163265,0.7959183673469388,480.0,0
2018,Detroit Pistons,4662.0,1006.0,1976.0,289.0,176.0,43,26,4596.0,108.4186046511628,23.3953488372093,45.95348837209303,0.6046511627906976,66.0,0
2018,Golden State Warriors,6081.0,1566.0,2362.0,410.0,347.0,52,36,5795.0,116.9423076923077,30.115384615384617,45.42307692307692,0.6923076923076923,286.0,1
2018,Houston Rockets,5479.0,1005.0,2029.0,398.0,241.0,47,36,5125.0,116.57446808510639,21.382978723404257,43.170212765957444,0.7659574468085106,354.0,0
2018,Indiana Pacers,4658.0,1131.0,1910.0,362.0,229.0,43,29,4357.0,108.32558139534883,26.302325581395348,44.41860465116279,0.6744186046511628,301.0,0
2018,Los Angeles Clippers,5154.0,1125.0,2052.0,309.0,210.0,44,26,5073.0,117.13636363636364,25.568181818181817,46.63636363636363,0.5909090909090909,81.0,0
2018,Los Angeles Lakers,4551.0,1068.0,1931.0,283.0,236.0,41,22,4558.0,111.0,26.048780487804876,47.09756097560975,0.5365853658536586,-7.0,0
2018,Memphis Grizzlies,4289.0,973.0,1760.0,347.0,222.0,41,21,4271.0,104.60975609756098,23.73170731707317,42.926829268292686,0.5121951219512195,18.0,0
2018,Miami Heat,4347.0,980.0,1911.0,304.0,229.0,41,19,4337.0,106.02439024390245,23.902439024390244,46.609756097560975,0.4634146341463415,10.0,0
2018,Milwaukee Bucks,5816.0,1273.0,2485.0,360.0,287.0,49,39,5217.0,118.6938775510204,25.979591836734695,50.714285714285715,0.7959183673469388,599.0,0
2018,Minnesota Timberwolves,4700.0,1041.0,1888.0,364.0,218.0,41,25,4582.0,114.63414634146342,25.390243902439025,46.048780487804876,0.6097560975609756,118.0,0
2018,New Orleans Pelicans,4720.0,1113.0,1919.0,329.0,215.0,41,19,4756.0,115.1219512195122,27.146341463414632,46.80487804878049,0.4634146341463415,-36.0,0
2018,New York Knicks,4342.0,855.0,1842.0,259.0,206.0,41,9,4664.0,105.90243902439025,20.853658536585368,44.926829268292686,0.21951219512195122,-322.0,0
2018,Oklahoma City Thunder,4912.0,1039.0,2025.0,399.0,217.0,43,28,4714.0,114.23255813953489,24.162790697674417,47.093023255813954,0.6511627906976745,198.0,0
2018,Orlando Magic,4661.0,1070.0,1963.0,283.0,235.0,43,25,4579.0,108.3953488372093,24.88372093023256,45.651162790697676,0.5813953488372093,82.0,0
2018,Philadelphia 76ers,5541.0,1305.0,2246.0,341.0,260.0,47,35,5149.0,117.8936170212766,27.76595744680851,47.787234042553195,0.7446808510638298,392.0,0
2018,Phoenix Suns,4410.0,1004.0,1639.0,376.0,216.0,41,12,4668.0,107.5609756097561,24.48780487804878,39.97560975609756,0.2926829268292683,-258.0,0
2018,Portland Trail Blazers,5769.0,1140.0,2375.0,331.0,250.0,49,37,5401.0,117.73469387755102,23.26530612244898,48.46938775510204,0.7551020408163265,368.0,0
2018,Sacramento Kings,4712.0,1042.0,1928.0,341.0,188.0,41,24,4653.0,114.92682926829268,25.414634146341463,47.02439024390244,0.5853658536585366,59.0,0
2018,San Antonio Spurs,4966.0,1104.0,1983.0,265.0,211.0,44,34,4672.0,112.86363636363636,25.09090909090909,45.06818181818182,0.7727272727272727,294.0,0
2018,Toronto Raptors,6127.0,1359.0,2402.0,460.0,302.0,54,41,5693.0,113.46296296296296,25.166666666666668,44.48148148148148,0.7592592592592593,434.0,0
2018,Utah Jazz,4826.0,1133.0,2070.0,334.0,264.0,43,30,4491.0,112.23255813953489,26.348837209302324,48.13953488372093,0.6976744186046512,335.0,0
2018,Washington Wizards,4773.0,1094.0,1775.0,334.0,209.0,41,22,4701.0,116.41463414634147,26.682926829268293,43.292682926829265,0.5365853658536586,72.0,0
2019,Atlanta Hawks,3896.0,834.0,1514.0,248.0,180.0,34,14,3990.0,114.58823529411765,24.529411764705884,44.529411764705884,0.4117647058823529,-94.0,0
2019,Boston Celtics,5078.0,1055.0,1993.0,352.0,250.0,44,29,4752.0,115.4090909090909,23.977272727272727,45.29545454545455,0.6590909090909091,326.0,0
2019,Brooklyn Nets,4260.0,929.0,1823.0,254.0,159.0,38,20,4249.0,112.10526315789474,24.44736842105263,47.973684210526315,0.5263157894736842,11.0,0
2019,Charlotte Hornets,3231.0,751.0,1316.0,199.0,139.0,31,10,3395.0,104.2258064516129,24.225806451612904,42.45161290322581,0.3225806451612903,-164.0,0
2019,Chicago Bulls,3608.0,792.0,1476.0,337.0,151.0,34,14,3659.0,106.11764705882354,23.294117647058822,43.411764705882355,0.4117647058823529,-51.0,0
2019,Cleveland Cavaliers,3908.0,860.0,1623.0,250.0,129.0,36,11,4142.0,108.55555555555556,23.88888888888889,45.083333333333336,0.3055555555555556,-234.0,0
2019,Dallas Mavericks,4827.0,1008.0,1894.0,246.0,193.0,41,21,4661.0,117.73170731707317,24.585365853658537,46.19512195121951,0.5121951219512195,166.0,0
2019,Denver Nuggets,5100.0,1240.0,2021.0,342.0,198.0,46,31,4942.0,110.8695652173913,26.956521739130434,43.93478260869565,0.6739130434782609,158.0,0
2019,Detroit Pistons,3607.0,812.0,1382.0,231.0,152.0,33,11,3675.0,109.3030303030303,24.606060606060606,41.878787878787875,0.3333333333333333,-68.0,0
2019,Golden State Warriors,3637.0,892.0,1458.0,273.0,143.0,34,8,3933.0,106.97058823529412,26.235294117647058,42.88235294117647,0.23529411764705882,-296.0,0
2019,Houston Rockets,4896.0,936.0,1879.0,362.0,220.0,42,28,4655.0,116.57142857142857,22.285714285714285,44.73809523809524,0.6666666666666666,241.0,0
2019,Indiana Pacers,4196.0,997.0,1651.0,279.0,211.0,38,25,4035.0,110.42105263157895,26.236842105263158,43.44736842105263,0.6578947368421053,161.0,0
2019,Los Angeles Clippers,5032.0,1023.0,2094.0,308.0,211.0,43,30,4695.0,117.02325581395348,23.790697674418606,48.69767441860465,0.6976744186046512,337.0,0
2019,Los Angeles Lakers,5348.0,1229.0,2176.0,399.0,305.0,47,34,4997.0,113.7872340425532,26.148936170212767,46.297872340425535,0.723404255319149,351.0,0
2019,Memphis Grizzlies,4194.0,1032.0,1749.0,291.0,214.0,37,20,4149.0,113.35135135135135,27.89189189189189,47.270270270270274,0.5405405405405406,45.0,0
2019,Miami Heat,5267.0,1225.0,2047.0,337.0,199.0,46,35,4922.0,114.5,26.630434782608695,44.5,0.7608695652173914,345.0,0
2019,Milwaukee Bucks,4896.0,1106.0,2112.0,277.0,232.0,41,32,4435.0,119.41463414634147,26.975609756097562,51.51219512195122,0.7804878048780488,461.0,0
2019,Minnesota Timberwolves,3542.0,760.0,1495.0,280.0,188.0,32,8,3691.0,110.6875,23.75,46.71875,0.25,-149.0,0
2019,New Orleans Pelicans,4233.0,991.0,1703.0,273.0,183.0,36,15,4187.0,117.58333333333333,27.52777777777778,47.30555555555556,0.4166666666666667,46.0,0
2019,New York Knicks,3478.0,734.0,1545.0,243.0,168.0,33,11,3646.0,105.39393939393939,22.242424242424242,46.81818181818182,0.3333333333333333,-168.0,0
2019,Oklahoma City Thunder,4530.0,887.0,1729.0,291.0,194.0,40,26,4355.0,113.25,22.175,43.225,0.65,175.0,0
2019,Orlando Magic,3925.0,905.0,1680.0,299.0,192.0,37,18,3966.0,106.08108108108108,24.45945945945946,45.4054054054054,0.4864864864864865,-41.0,0
2019,Philadelphia 76ers,4178.0,967.0,1721.0,297.0,208.0,37,31,3875.0,112.91891891891892,26.135135135135137,46.513513513513516,0.8378378378378378,303.0,0
2019,Phoenix Suns,4465.0,1057.0,1715.0,277.0,171.0,39,17,4392.0,114.48717948717949,27.102564102564102,43.97435897435897,0.4358974358974359,73.0,0
2019,Portland Trail Blazers,4447.0,786.0,1769.0,237.0,249.0,38,21,4403.0,117.02631578947368,20.68421052631579,46.55263157894737,0.5526315789473685,44.0,0
2019,Sacramento Kings,3863.0,804.0,1505.0,262.0,148.0,35,16,3928.0,110.37142857142857,22.97142857142857,43.0,0.45714285714285713,-65.0,0
2019,San Antonio Spurs,3901.0,889.0,1558.0,248.0,203.0,34,19,3840.0,114.73529411764706,26.147058823529413,45.8235294117647,0.5588235294117647,61.0,0
2019,Toronto Raptors,4748.0,1062.0,1916.0,364.0,209.0,42,28,4479.0,113.04761904761905,25.285714285714285,45.61904761904762,0.6666666666666666,269.0,1
2019,Utah Jazz,4262.0,851.0,1722.0,225.0,135.0,38,25,4099.0,112.15789473684211,22.394736842105264,45.31578947368421,0.6578947368421053,163.0,0
2019,Washington Wizards,4104.0,874.0,1553.0,281.0,149.0,36,16,4171.0,114.0,24.27777777777778,43.138888888888886,0.4444444444444444,-67.0,0
2020,Atlanta Hawks,5233.0,1123.0,2154.0,309.0,205.0,46,30,4990.0,113.76086956521739,24.41304347826087,46.82608695652174,0.6521739130434783,243.0,0
2020,Boston Celtics,4447.0,946.0,1710.0,324.0,195.0,39,22,4372.0,114.02564102564102,24.256410256410255,43.84615384615385,0.5641025641025641,75.0,0
2020,Brooklyn Nets,5182.0,1178.0,1969.0,299.0,251.0,44,35,4849.0,117.77272727272727,26.772727272727273,44.75,0.7954545454545454,333.0,0
2020,Charlotte Hornets,4111.0,1018.0,1711.0,277.0,185.0,38,18,4129.0,108.1842105263158,26.789473684210527,45.026315789473685,0.47368421052631576,-18.0,0
2020,Chicago Bulls,4148.0,971.0,1717.0,236.0,156.0,38,16,4217.0,109.15789473684211,25.55263157894737,45.18421052631579,0.42105263157894735,-69.0,0
2020,Cleveland Cavaliers,4092.0,940.0,1647.0,310.0,176.0,38,15,4326.0,107.6842105263158,24.736842105263158,43.3421052631579,0.39473684210526316,-234.0,0
2020,Dallas Mavericks,4411.0,888.0,1713.0,237.0,158.0,40,21,4445.0,110.275,22.2,42.825,0.525,-34.0,0
2020,Denver Nuggets,5074.0,1191.0,1964.0,331.0,209.0,43,29,4786.0,118.0,27.697674418604652,45.674418604651166,0.6744186046511628,288.0,0
2020,Detroit Pistons,3966.0,872.0,1628.0,286.0,197.0,38,14,4074.0,104.36842105263158,22.94736842105263,42.8421052631579,0.3684210526315789,-108.0,0
2020,Golden State Warriors,4297.0,1067.0,1594.0,292.0,174.0,37,26,4107.0,116.13513513513513,28.83783783783784,43.08108108108108,0.7027027027027027,190.0,0
2020,Houston Rockets,4078.0,846.0,1636.0,300.0,187.0,38,11,4346.0,107.3157894736842,22.263157894736842,43.05263157894737,0.2894736842105263,-268.0,0
2020,Indiana Pacers,4169.0,941.0,1541.0,315.0,231.0,37,13,4274.0,112.67567567567568,25.43243243243243,41.648648648648646,0.35135135135135137,-105.0,0
2020,Los Angeles Clippers,5399.0,1156.0,2054.0,313.0,201.0,47,31,5099.0,114.87234042553192,24.595744680851062,43.702127659574465,0.6595744680851063,300.0,0
2020,Los Angeles Lakers,4531.0,1000.0,1850.0,325.0,218.0,41,24,4380.0,110.51219512195122,24.390243902439025,45.1219512195122,0.5853658536585366,151.0,1
2020,Memphis Grizzlies,4429.0,1057.0,1889.0,354.0,206.0,40,19,4446.0,110.725,26.425,47.225,0.475,-17.0,0
2020,Miami Heat,4205.0,1017.0,1615.0,293.0,164.0,39,21,4256.0,107.82051282051282,26.076923076923077,41.41025641025641,0.5384615384615384,-51.0,0
2020,Milwaukee Bucks,5795.0,1250.0,2442.0,382.0,235.0,49,36,5404.0,118.26530612244898,25.510204081632654,49.83673469387755,0.7346938775510204,391.0,0
2020,Minnesota Timberwolves,4175.0,965.0,1702.0,329.0,213.0,38,13,4420.0,109.86842105263158,25.394736842105264,44.78947368421053,0.34210526315789475,-245.0,0
2020,New Orleans Pelicans,4272.0,970.0,1767.0,270.0,172.0,37,19,4207.0,115.45945945945945,26.216216216216218,47.75675675675676,0.5135135135135135,65.0,0
2020,New York Knicks,4448.0,882.0,1840.0,293.0,196.0,41,28,4263.0,108.48780487804878,21.51219512195122,44.8780487804878,0.6829268292682927,185.0,0
2020,Oklahoma City Thunder,4019.0,846.0,1756.0,250.0,173.0,38,10,4476.0,105.76315789473684,22.263157894736842,46.21052631578947,0.2631578947368421,-457.0,0
2020,Orlando Magic,4030.0,865.0,1709.0,255.0,173.0,38,12,4359.0,106.05263157894737,22.763157894736842,44.973684210526315,0.3157894736842105,-329.0,0
2020,Philadelphia 76ers,5154.0,1141.0,1984.0,420.0,280.0,44,34,4773.0,117.13636363636364,25.931818181818183,45.09090909090909,0.7727272727272727,381.0,0
2020,Phoenix Suns,5657.0,1302.0,2179.0,353.0,181.0,49,35,5254.0,115.44897959183673,26.571428571428573,44.46938775510204,0.7142857142857143,403.0,0
2020,Portland Trail Blazers,4729.0,866.0,1854.0,292.0,204.0,41,22,4670.0,115.34146341463415,21.121951219512194,45.21951219512195,0.5365853658536586,59.0,0
2020,Sacramento Kings,4358.0,986.0,1531.0,281.0,206.0,38,17,4526.0,114.6842105263158,25.94736842105263,40.28947368421053,0.4473684210526316,-168.0,0
2020,San Antonio Spurs,4078.0,911.0,1638.0,259.0,191.0,37,14,4210.0,110.21621621621621,24.62162162162162,44.270270270270274,0.3783783783783784,-132.0,0
2020,Toronto Raptors,4104.0,876.0,1592.0,316.0,196.0,37,16,4062.0,110.91891891891892,23.675675675675677,43.027027027027025,0.43243243243243246,42.0,0
2020,Utah Jazz,5174.0,1019.0,2139.0,278.0,221.0,44,37,4639.0,117.5909090909091,23.15909090909091,48.61363636363637,0.8409090909090909,535.0,0
2020,Washington Wizards,4694.0,1003.0,1825.0,300.0,166.0,40,21,4726.0,117.35,25.075,45.625,0.525,-32.0,0
2021,Atlanta Hawks,5203.0,1134.0,1961.0,348.0,208.0,45,29,4990.0,115.62222222222222,25.2,43.577777777777776,0.6444444444444445,213.0,0
2021,Boston Celtics,6006.0,1348.0,2489.0,407.0,325.0,55,36,5674.0,109.2,24.509090909090908,45.25454545454546,0.6545454545454545,332.0,0
2021,Brooklyn Nets,4969.0,1132.0,2020.0,318.0,255.0,45,22,5052.0,110.42222222222222,25.155555555555555,44.888888888888886,0.4888888888888889,-83.0,0
2021,Charlotte Hornets,4809.0,1194.0,1979.0,344.0,233.0,43,22,4849.0,111.83720930232558,27.767441860465116,46.02325581395349,0.5116279069767442,-40.0,0
2021,Chicago Bulls,5228.0,1139.0,2035.0,335.0,192.0,46,30,5098.0,113.65217391304348,24.76086956521739,44.23913043478261,0.6521739130434783,130.0,0
2021,Cleveland Cavaliers,4632.0,1094.0,1908.0,326.0,183.0,43,25,4461.0,107.72093023255815,25.441860465116278,44.372093023255815,0.5813953488372093,171.0,0
2021,Dallas Mavericks,5527.0,1178.0,2191.0,351.0,194.0,51,37,5179.0,108.37254901960785,23.098039215686274,42.96078431372549,0.7254901960784313,348.0,0
2021,Denver Nuggets,5057.0,1241.0,1933.0,307.0,156.0,44,24,4961.0,114.93181818181819,28.204545454545453,43.93181818181818,0.5454545454545454,96.0,0
2021,Detroit Pistons,4535.0,1010.0,1876.0,335.0,217.0,43,15,4732.0,105.46511627906976,23.488372093023255,43.627906976744185,0.3488372093023256,-197.0,0
2021,Golden State Warriors,6372.0,1579.0,2599.0,504.0,275.0,56,45,5788.0,113.78571428571429,28.196428571428573,46.410714285714285,0.8035714285714286,584.0,0
2021,Houston Rockets,4820.0,1056.0,1791.0,310.0,203.0,43,12,5100.0,112.09302325581395,24.558139534883722,41.651162790697676,0.27906976744186046,-280.0,0
2021,Indiana Pacers,4886.0,1165.0,1877.0,328.0,238.0,43,17,4923.0,113.62790697674419,27.093023255813954,43.651162790697676,0.3953488372093023,-37.0,0
2021,Los Angeles Clippers,4805.0,1059.0,1969.0,335.0,217.0,44,26,4746.0,109.20454545454545,24.068181818181817,44.75,0.5909090909090909,59.0,0
2021,Los Angeles Lakers,4897.0,1062.0,1946.0,370.0,256.0,44,21,4986.0,111.29545454545455,24.136363636363637,44.22727272727273,0.4772727272727273,-89.0,0
2021,Memphis Grizzlies,5820.0,1328.0,2448.0,494.0,332.0,50,36,5342.0,116.4,26.56,48.96,0.72,478.0,0
2021,Miami Heat,5959.0,1341.0,2333.0,401.0,183.0,54,39,5614.0,110.35185185185185,24.833333333333332,43.2037037037037,0.7222222222222222,345.0,0
2021,Milwaukee Bucks,5585.0,1155.0,2356.0,361.0,196.0,49,31,5404.0,113.9795918367347,23.571428571428573,48.08163265306123,0.6326530612244898,181.0,1
2021,Minnesota Timberwolves,5088.0,1141.0,2043.0,400.0,275.0,45,28,4894.0,113.06666666666666,25.355555555555554,45.4,0.6222222222222222,194.0,0
2021,New Orleans Pelicans,5008.0,1150.0,2041.0,360.0,176.0,45,21,4930.0,111.28888888888889,25.555555555555557,45.355555555555554,0.4666666666666667,78.0,0
2021,New York Knicks,4694.0,990.0,2014.0,301.0,230.0,44,20,4726.0,106.68181818181819,22.5,45.77272727272727,0.45454545454545453,-32.0,0
2021,Oklahoma City Thunder,4603.0,997.0,2021.0,341.0,217.0,44,13,4878.0,104.61363636363636,22.65909090909091,45.93181818181818,0.29545454545454547,-275.0,0
2021,Orlando Magic,4476.0,1014.0,1876.0,305.0,209.0,43,13,4809.0,104.09302325581395,23.58139534883721,43.627906976744185,0.3023255813953488,-333.0,0
2021,Philadelphia 76ers,5394.0,1199.0,2031.0,394.0,261.0,49,30,5204.0,110.08163265306122,24.46938775510204,41.44897959183673,0.6122448979591837,190.0,0
2021,Phoenix Suns,5756.0,1392.0,2285.0,406.0,240.0,50,39,5296.0,115.12,27.84,45.7,0.78,460.0,0
2021,Portland Trail Blazers,4661.0,989.0,1887.0,349.0,201.0,43,17,4893.0,108.3953488372093,23.0,43.883720930232556,0.3953488372093023,-232.0,0
2021,Sacramento Kings,4756.0,1018.0,1829.0,317.0,196.0,43,18,4907.0,110.6046511627907,23.674418604651162,42.53488372093023,0.4186046511627907,-151.0,0
2021,San Antonio Spurs,5000.0,1215.0,2002.0,309.0,217.0,44,18,4956.0,113.63636363636364,27.613636363636363,45.5,0.4090909090909091,44.0,0
2021,Toronto Raptors,5089.0,1038.0,2078.0,420.0,220.0,46,27,4914.0,110.6304347826087,22.565217391304348,45.17391304347826,0.5869565217391305,175.0,0
2021,Utah Jazz,5353.0,1073.0,2154.0,309.0,242.0,46,32,4922.0,116.3695652173913,23.32608695652174,46.82608695652174,0.6956521739130435,431.0,0
2021,Washington Wizards,4795.0,1099.0,1880.0,278.0,224.0,43,21,4844.0,111.51162790697674,25.558139534883722,43.72093023255814,0.4883720930232558,-49.0,0
2022,Atlanta Hawks,5399.0,1137.0,2059.0,322.0,224.0,45,26,5305.0,119.97777777777777,25.266666666666666,45.75555555555555,0.5777777777777777,94.0,0
2022,Boston Celtics,6408.0,1431.0,2466.0,345.0,287.0,54,38,5914.0,118.66666666666667,26.5,45.666666666666664,0.7037037037037037,494.0,0
2022,Brooklyn Nets,5007.0,1148.0,1856.0,321.0,267.0,45,23,4946.0,111.26666666666667,25.511111111111113,41.24444444444445,0.5111111111111111,61.0,0
2022,Charlotte Hornets,4786.0,1093.0,1961.0,319.0,232.0,44,13,5112.0,108.77272727272727,24.84090909090909,44.56818181818182,0.29545454545454547,-326.0,0
2022,Chicago Bulls,5059.0,1112.0,1875.0,359.0,209.0,44,24,4904.0,114.97727272727273,25.272727272727273,42.61363636363637,0.5454545454545454,155.0,0
2022,Cleveland Cavaliers,5141.0,1168.0,1915.0,338.0,214.0,46,33,4813.0,111.76086956521739,25.391304347826086,41.630434782608695,0.717391304347826,328.0,0
2022,Dallas Mavericks,4835.0,942.0,1655.0,269.0,148.0,42,23,4730.0,115.11904761904762,22.428571428571427,39.404761904761905,0.5476190476190477,105.0,0
2022,Denver Nuggets,6332.0,1541.0,2428.0,411.0,238.0,54,45,5831.0,117.25925925925925,28.537037037037038,44.96296296296296,0.8333333333333334,501.0,0
2022,Detroit Pistons,4815.0,1047.0,1858.0,303.0,167.0,43,9,5100.0,111.97674418604652,24.348837209302324,43.2093023255814,0.20930232558139536,-285.0,0
2022,Golden State Warriors,6075.0,1545.0,2384.0,384.0,194.0,51,39,5680.0,119.11764705882354,30.294117647058822,46.745098039215684,0.7647058823529411,395.0,1
2022,Houston Rockets,4791.0,946.0,2064.0,328.0,195.0,43,16,4917.0,111.4186046511628,22.0,48.0,0.37209302325581395,-126.0,0
2022,Indiana Pacers,5099.0,1179.0,1801.0,343.0,251.0,43,21,5131.0,118.5813953488372,27.41860465116279,41.883720930232556,0.4883720930232558,-32.0,0
2022,Los Angeles Clippers,5301.0,1137.0,2013.0,353.0,206.0,47,25,5198.0,112.7872340425532,24.19148936170213,42.829787234042556,0.5319148936170213,103.0,0
2022,Los Angeles Lakers,6125.0,1338.0,2427.0,339.0,281.0,53,29,5950.0,115.56603773584905,25.245283018867923,45.79245283018868,0.5471698113207547,175.0,0
2022,Memphis Grizzlies,5459.0,1213.0,2175.0,398.0,285.0,46,38,5005.0,118.67391304347827,26.369565217391305,47.28260869565217,0.8260869565217391,454.0,0
2022,Miami Heat,5987.0,1281.0,2235.0,410.0,174.0,54,35,5885.0,110.87037037037037,23.72222222222222,41.388888888888886,0.6481481481481481,102.0,0
2022,Milwaukee Bucks,5561.0,1189.0,2303.0,308.0,222.0,47,33,5324.0,118.31914893617021,25.29787234042553,49.0,0.7021276595744681,237.0,0
2022,Minnesota Timberwolves,5080.0,1139.0,1845.0,349.0,241.0,44,23,5056.0,115.45454545454545,25.886363636363637,41.93181818181818,0.5227272727272727,24.0,0
2022,New Orleans Pelicans,4939.0,1113.0,1882.0,351.0,185.0,43,29,4719.0,114.86046511627907,25.88372093023256,43.76744186046512,0.6744186046511628,220.0,0
2022,New York Knicks,5686.0,1141.0,2290.0,310.0,204.0,49,30,5420.0,116.04081632653062,23.285714285714285,46.734693877551024,0.6122448979591837,266.0,0
2022,Oklahoma City Thunder,5325.0,1124.0,1952.0,381.0,190.0,44,26,5034.0,121.02272727272727,25.545454545454547,44.36363636363637,0.5909090909090909,291.0,0
2022,Orlando Magic,4910.0,1067.0,1867.0,303.0,206.0,43,22,4917.0,114.18604651162791,24.813953488372093,43.41860465116279,0.5116279069767442,-7.0,0
2022,Philadelphia 76ers,5415.0,1207.0,1995.0,388.0,241.0,48,34,5206.0,112.8125,25.145833333333332,41.5625,0.7083333333333334,209.0,0
2022,Phoenix Suns,5625.0,1311.0,2138.0,344.0,272.0,49,32,5435.0,114.79591836734694,26.755102040816325,43.63265306122449,0.6530612244897959,190.0,0
2022,Portland Trail Blazers,4979.0,1032.0,1709.0,306.0,230.0,43,18,5095.0,115.79069767441861,24.0,39.74418604651163,0.4186046511627907,-116.0,0
2022,Sacramento Kings,5773.0,1293.0,1993.0,330.0,157.0,47,27,5576.0,122.82978723404256,27.51063829787234,42.40425531914894,0.574468085106383,197.0,0
2022,San Antonio Spurs,5026.0,1215.0,1955.0,308.0,181.0,44,14,5309.0,114.22727272727273,27.613636363636363,44.43181818181818,0.3181818181818182,-283.0,0
2022,Toronto Raptors,5038.0,1030.0,1986.0,428.0,231.0,44,29,4830.0,114.5,23.40909090909091,45.13636363636363,0.6590909090909091,208.0,0
2022,Utah Jazz,5041.0,1094.0,2038.0,265.0,225.0,43,23,5018.0,117.23255813953489,25.441860465116278,47.395348837209305,0.5348837209302325,23.0,0
2022,Washington Wizards,4771.0,1083.0,1854.0,282.0,220.0,42,19,4795.0,113.5952380952381,25.785714285714285,44.142857142857146,0.4523809523809524,-24.0,0
